name,pred,time
0,0.07223113638057273,20240328-173732
0,0.07223113638057273,20240328-173732
0,0.07223113638057273,20240328-173732
0,0.07223113638057273,20240328-173733
0,0.07223113638057273,20240328-173733
0,0.07223113638057273,20240328-173733
0,0.07223113638057273,20240328-173734
0,0.07223113638057273,20240328-173734
0,0.07223113638057273,20240328-173734
0,0.07223113638057273,20240328-173734
0,0.07223113638057273,20240328-173735
0,0.07223113638057273,20240328-173735
0,0.07223113638057273,20240328-173735
0,0.07223113638057273,20240328-173736
0,0.07223113638057273,20240328-173736
0,0.07223113638057273,20240328-173736
0,0.07223113638057273,20240328-173737
0,0.07223113638057273,20240328-173737
0,0.07223113638057273,20240328-173737
0,0.07223113638057273,20240328-173738
0,0.07223113638057273,20240328-173738
0,0.07223113638057273,20240328-173738
0,0.07223113638057273,20240328-173739
0,0.07223113638057273,20240328-173739
0,0.07223113638057273,20240328-173739
0,0.07223113638057273,20240328-173740
0,0.07223113638057273,20240328-173740
0,0.07223113638057273,20240328-173740
0,0.07223113638057273,20240328-173741
0,0.07223113638057273,20240328-173741
0,0.07223113638057273,20240328-173741
0,0.07223113638057273,20240328-173741
0,0.07223113638057273,20240328-173742
0,0.07223113638057273,20240328-173742
0,0.07223113638057273,20240328-173742
0,0.07223113638057273,20240328-173743
0,0.07223113638057273,20240328-173743
0,0.07223113638057273,20240328-173743
0,0.07223113638057273,20240328-173744
0,0.07223113638057273,20240328-173744
0,0.07223113638057273,20240328-173744
0,0.07223113638057273,20240328-173745
0,0.07223113638057273,20240328-173745
0,0.07223113638057273,20240328-173745
0,0.07223113638057273,20240328-173745
0,0.07223113638057273,20240328-173746
0,0.07223113638057273,20240328-173746
0,0.07223113638057273,20240328-173746
0,0.07223113638057273,20240328-173747
0,0.07223113638057273,20240328-173747
0,0.07223113638057273,20240328-173747
0,0.07223113638057273,20240328-173748
0,0.07223113638057273,20240328-173748
0,0.07223113638057273,20240328-173748
0,0.07223113638057273,20240328-173749
0,0.07223113638057273,20240328-173749
0,0.07223113638057273,20240328-173749
0,0.07223113638057273,20240328-173750
0,0.07223113638057273,20240328-173750
0,0.07223113638057273,20240328-173750
0,0.07223113638057273,20240328-173751
0,0.07223113638057273,20240328-173751
0,0.07223113638057273,20240328-173751
0,0.07223113638057273,20240328-173751
0,0.07223113638057273,20240328-173752
0,0.07223113638057273,20240328-173752
0,0.07223113638057273,20240328-173752
0,0.07223113638057273,20240328-173753
0,0.07223113638057273,20240328-173753
0,0.07223113638057273,20240328-173753
0,0.07223113638057273,20240328-173754
0,0.07223113638057273,20240328-173754
0,0.07223113638057273,20240328-173754
0,0.07223113638057273,20240328-173755
0,0.07223113638057273,20240328-173755
0,0.07223113638057273,20240328-173755
0,0.07223113638057273,20240328-173756
0,0.07223113638057273,20240328-173756
0,0.07223113638057273,20240328-173756
0,0.07223113638057273,20240328-173757
0,0.07223113638057273,20240328-173757
0,0.07223113638057273,20240328-173757
0,0.07223113638057273,20240328-173758
0,0.07223113638057273,20240328-173758
0,0.07223113638057273,20240328-173758
0,0.07223113638057273,20240328-173759
0,0.07223113638057273,20240328-173759
0,0.07223113638057273,20240328-173759
0,0.07223113638057273,20240328-173759
0,0.07223113638057273,20240328-173800
0,0.07223113638057273,20240328-173800
0,0.07223113638057273,20240328-173800
0,0.07223113638057273,20240328-173801
0,0.07223113638057273,20240328-173801
0,0.07223113638057273,20240328-173801
0,0.07223113638057273,20240328-173802
0,0.07223113638057273,20240328-173802
0,0.07223113638057273,20240328-173802
0,0.07223113638057273,20240328-173803
0,0.07223113638057273,20240328-173803
0,0.07223113638057273,20240328-173803
0,0.07223113638057273,20240328-173804
0,0.07223113638057273,20240328-173804
0,0.07223113638057273,20240328-173804
0,0.07223113638057273,20240328-173805
0,0.07223113638057273,20240328-173805
0,0.07223113638057273,20240328-173805
0,0.07223113638057273,20240328-173806
0,0.07223113638057273,20240328-173806
0,0.07223113638057273,20240328-173806
0,0.07223113638057273,20240328-173806
0,0.07223113638057273,20240328-173807
0,0.07223113638057273,20240328-173807
0,0.07223113638057273,20240328-173807
0,0.07223113638057273,20240328-173808
0,0.07223113638057273,20240328-173808
0,0.07223113638057273,20240328-173808
0,0.07223113638057273,20240328-173809
0,0.07223113638057273,20240328-173809
0,0.07223113638057273,20240328-173809
0,0.07223113638057273,20240328-173810
0,0.07223113638057273,20240328-173810
0,0.07223113638057273,20240328-173810
0,0.07223113638057273,20240328-173810
0,0.07223113638057273,20240328-173811
0,0.07223113638057273,20240328-173811
0,0.07223113638057273,20240328-173811
0,0.07223113638057273,20240328-173812
0,0.07223113638057273,20240328-173812
0,0.07223113638057273,20240328-173812
0,0.07223113638057273,20240328-173813
0,0.07223113638057273,20240328-173813
0,0.07223113638057273,20240328-173813
0,0.07223113638057273,20240328-173814
0,0.07223113638057273,20240328-173814
0,0.07223113638057273,20240328-173814
0,0.07223113638057273,20240328-173815
0,0.07223113638057273,20240328-173815
0,0.07223113638057273,20240328-173815
0,0.07223113638057273,20240328-173815
0,0.07223113638057273,20240328-173816
0,0.07223113638057273,20240328-173816
0,0.07223113638057273,20240328-173816
0,0.07223113638057273,20240328-173817
0,0.07223113638057273,20240328-173817
0,0.07223113638057273,20240328-173817
0,0.07223113638057273,20240328-173818
0,0.07223113638057273,20240328-173818
0,0.07223113638057273,20240328-173818
0,0.07223113638057273,20240328-173819
0,0.07223113638057273,20240328-173819
0,0.07223113638057273,20240328-173819
0,0.07223113638057273,20240328-173820
0,0.07223113638057273,20240328-173820
0,0.07223113638057273,20240328-173820
0,0.07223113638057273,20240328-173821
0,0.07223113638057273,20240328-173821
0,0.07223113638057273,20240328-173821
0,0.07223113638057273,20240328-173821
0,0.07223113638057273,20240328-173822
0,0.07223113638057273,20240328-173822
0,0.07223113638057273,20240328-173822
0,0.07223113638057273,20240328-173823
0,0.07223113638057273,20240328-173823
0,0.07223113638057273,20240328-173823
0,0.07223113638057273,20240328-173824
0,0.07223113638057273,20240328-173824
0,0.07223113638057273,20240328-173824
0,0.07223113638057273,20240328-173825
0,0.07223113638057273,20240328-173825
0,0.07223113638057273,20240328-173825
0,0.07223113638057273,20240328-173826
0,0.07223113638057273,20240328-173826
0,0.07223113638057273,20240328-173826
0,0.07223113638057273,20240328-173827
0,0.07223113638057273,20240328-173827
0,0.07223113638057273,20240328-173827
0,0.07223113638057273,20240328-173827
0,0.07223113638057273,20240328-173828
0,0.07223113638057273,20240328-173828
0,0.07223113638057273,20240328-173828
0,0.07223113638057273,20240328-173829
0,0.07223113638057273,20240328-173829
0,0.07223113638057273,20240328-173829
0,0.07223113638057273,20240328-173830
0,0.07223113638057273,20240328-173830
0,0.07223113638057273,20240328-173830
0,0.07223113638057273,20240328-173831
0,0.07223113638057273,20240328-173831
0,0.07223113638057273,20240328-173831
0,0.07223113638057273,20240328-173832
0,0.07223113638057273,20240328-173832
0,0.07223113638057273,20240328-173832
0,0.07223113638057273,20240328-173833
0,0.07223113638057273,20240328-173833
0,0.07223113638057273,20240328-173833
0,0.07223113638057273,20240328-173834
0,0.07223113638057273,20240328-173834
0,0.07223113638057273,20240328-173834
0,0.07223113638057273,20240328-173835
0,0.07223113638057273,20240328-173835
0,0.07223113638057273,20240328-173835
0,0.07223113638057273,20240328-173836
0,0.07223113638057273,20240328-173836
0,0.07223113638057273,20240328-173836
0,0.07223113638057273,20240328-173837
0,0.07223113638057273,20240328-173837
0,0.07223113638057273,20240328-173837
0,0.07223113638057273,20240328-173838
0,0.07223113638057273,20240328-173838
0,0.07223113638057273,20240328-173838
0,0.07223113638057273,20240328-173839
0,0.07223113638057273,20240328-173839
0,0.07223113638057273,20240328-173839
0,0.07223113638057273,20240328-173840
0,0.07223113638057273,20240328-173840
0,0.07223113638057273,20240328-173840
0,0.07223113638057273,20240328-173841
0,0.07223113638057273,20240328-173841
0,0.07223113638057273,20240328-173841
0,0.07223113638057273,20240328-173842
0,0.07223113638057273,20240328-173842
0,0.07223113638057273,20240328-173842
0,0.07223113638057273,20240328-173843
0,0.07223113638057273,20240328-173843
0,0.07223113638057273,20240328-173843
0,0.07223113638057273,20240328-173844
0,0.07223113638057273,20240328-173844
0,0.07223113638057273,20240328-173844
0,0.07223113638057273,20240328-173845
0,0.07223113638057273,20240328-173845
0,0.07223113638057273,20240328-173845
0,0.07223113638057273,20240328-173846
0,0.07223113638057273,20240328-173846
0,0.07223113638057273,20240328-173846
0,0.07223113638057273,20240328-173847
0,0.07223113638057273,20240328-173847
0,0.07223113638057273,20240328-173847
0,0.07223113638057273,20240328-173848
0,0.07223113638057273,20240328-173848
0,0.07223113638057273,20240328-173848
0,0.07223113638057273,20240328-173849
0,0.07223113638057273,20240328-173849
0,0.07223113638057273,20240328-173849
0,0.07223113638057273,20240328-173850
0,0.07223113638057273,20240328-173850
0,0.07223113638057273,20240328-173851
0,0.07223113638057273,20240328-173851
0,0.07223113638057273,20240328-173851
0,0.07223113638057273,20240328-173852
0,0.07223113638057273,20240328-173852
0,0.07223113638057273,20240328-173852
0,0.07223113638057273,20240328-173853
0,0.07223113638057273,20240328-173853
0,0.07223113638057273,20240328-173854
0,0.07223113638057273,20240328-173854
0,0.07223113638057273,20240328-173854
0,0.07223113638057273,20240328-173855
0,0.07223113638057273,20240328-173855
0,0.07223113638057273,20240328-173855
0,0.07223113638057273,20240328-173856
0,0.07223113638057273,20240328-173856
0,0.07223113638057273,20240328-173856
0,0.07223113638057273,20240328-173857
0,0.07223113638057273,20240328-173857
0,0.07223113638057273,20240328-173857
0,0.07223113638057273,20240328-173858
0,0.07223113638057273,20240328-173858
0,0.07223113638057273,20240328-173859
0,0.07223113638057273,20240328-173859
0,0.07223113638057273,20240328-173859
0,0.07223113638057273,20240328-173900
0,0.07223113638057273,20240328-173900
0,0.07223113638057273,20240328-173900
0,0.07223113638057273,20240328-173901
0,0.07223113638057273,20240328-173901
0,0.07223113638057273,20240328-173901
0,0.07223113638057273,20240328-173902
0,0.07223113638057273,20240328-173902
0,0.07223113638057273,20240328-173902
0,0.07223113638057273,20240328-173902
0,0.07223113638057273,20240328-173903
0,0.07223113638057273,20240328-173903
0,0.07223113638057273,20240328-173903
0,0.07223113638057273,20240328-173904
0,0.07223113638057273,20240328-173904
0,0.07223113638057273,20240328-173904
0,0.07223113638057273,20240328-173905
0,0.07223113638057273,20240328-173905
0,0.07223113638057273,20240328-173905
0,0.07223113638057273,20240328-173906
0,0.07223113638057273,20240328-173906
0,0.07223113638057273,20240328-173906
0,0.07223113638057273,20240328-173907
0,0.07223113638057273,20240328-173907
0,0.07223113638057273,20240328-173908
0,0.07223113638057273,20240328-173908
0,0.07223113638057273,20240328-173908
0,0.07223113638057273,20240328-173909
0,0.07223113638057273,20240328-173909
0,0.07223113638057273,20240328-173909
0,0.07223113638057273,20240328-173910
0,0.07223113638057273,20240328-173910
0,0.07223113638057273,20240328-173910
0,0.07223113638057273,20240328-173911
0,0.07223113638057273,20240328-173911
0,0.07223113638057273,20240328-173911
0,0.07223113638057273,20240328-173912
0,0.07223113638057273,20240328-173912
0,0.07223113638057273,20240328-173912
0,0.07223113638057273,20240328-173913
0,0.07223113638057273,20240328-173913
0,0.07223113638057273,20240328-173913
0,0.07223113638057273,20240328-173914
0,0.07223113638057273,20240328-173914
0,0.07223113638057273,20240328-173915
0,0.07223113638057273,20240328-173915
0,0.07223113638057273,20240328-173915
0,0.07223113638057273,20240328-173916
0,0.07223113638057273,20240328-173916
0,0.07223113638057273,20240328-173916
0,0.07223113638057273,20240328-173917
0,0.07223113638057273,20240328-173917
0,0.07223113638057273,20240328-173917
0,0.07223113638057273,20240328-173918
0,0.07223113638057273,20240328-173918
0,0.07223113638057273,20240328-173918
0,0.07223113638057273,20240328-173919
0,0.07223113638057273,20240328-173919
0,0.07223113638057273,20240328-173919
0,0.07223113638057273,20240328-173920
0,0.07223113638057273,20240328-173920
0,0.07223113638057273,20240328-173920
0,0.07223113638057273,20240328-173921
0,0.07223113638057273,20240328-173921
0,0.07223113638057273,20240328-173921
0,0.07223113638057273,20240328-173922
0,0.07223113638057273,20240328-173922
0,0.07223113638057273,20240328-173923
0,0.07223113638057273,20240328-173923
0,0.07223113638057273,20240328-173923
0,0.07223113638057273,20240328-173924
0,0.07223113638057273,20240328-173924
0,0.07223113638057273,20240328-173924
0,0.07223113638057273,20240328-173925
0,0.07223113638057273,20240328-173925
0,0.07223113638057273,20240328-173925
0,0.07223113638057273,20240328-173926
